14.3064591599,-46.4260599689
17.1067506765,-45.8216817577
20.6177009709,-44.2243100551
21.5967216656,-41.0812297765
19.9256207682,-39.3151131364
20.9509528628,-37.9997278971
23.0196231269,-35.7809499665
22.3994726058,-35.0807746459
20.1819309131,-33.2174989473
21.9560214208,-31.3228603506
23.89643298,-32.3117612681
21.9144466141,-28.5790575291
25.7784866447,-26.8496555588
26.6753133455,-28.6899794991
30.4262698588,-28.9206471672
32.9116940325,-30.5127450675
34.2691556239,-32.88483412
35.6441857191,-33.1425743798
38.8424672719,-32.4599436154
38.5584649852,-30.7065163833
39.6533547514,-26.7532322501
42.3446053578,-26.0202952174
44.1216896983,-23.6836950056
45.9984121118,-26.0356848994
46.8062475549,-25.8952138709
45.2958703492,-28.4310758879
50.9052867805,-31.7875550645
54.7872441333,-27.8628932621
57.9826556681,-29.8232922489
58.3857089967,-29.2190900759
57.0502390435,-32.004669913
56.1588868152,-36.01807785
59.0815362325,-36.2685218802
53.5916330802,-37.6381837695
53.4314046779,-43.8574655644
51.4069082554,-46.9979895
51.5519606698,-52.9048116542
44.202720192,-52.635428255
41.8700101913,-53.2584240141
37.6141103278,-52.0835259331
34.0897346356,-52.1482703099
30.203422184,-50.4995739289
26.7642402418,-50.8495872461
25.4887696784,-50.6466414858
22.4245757391,-50.5673337798
25.3675933095,-47.4562315207
24.6750623937,-42.306748073
24.2652698653,-39.5546933871
26.6746177332,-38.1599564976
27.0378457327,-35.182779736
28.2541531963,-32.626100311
29.3125292541,-39.6872614664
33.8844523904,-37.8071265747
33.9762373086,-42.4172820718
33.1544747569,-43.705806479
30.8263582287,-46.7542731089
36.2022523268,-46.9972942564
38.2275275448,-44.1587349525
38.7322413081,-42.8878231145
43.2277103328,-43.9942124737
44.8068199278,-35.0689044834
36.5713382446,-26.9090407023
33.9187467657,-23.8130653725
31.5444634375,-22.2155754956
29.2988336663,-22.3401493103
30.2357395097,-19.7798664361
27.9832983868,-17.9180631763
30.8103548514,-16.6360175754
33.1775088615,-15.3130975121
31.7535300031,-13.4095124276
33.8255115608,-11.1762865031
35.7055101587,-9.7418822586
37.5141706302,-8.6429862462
36.7447397804,-7.296774814
33.501557823,-8.2579577733
30.4332624673,-8.0016386
28.3476417555,-8.3589118673
29.7477251375,-5.8208372754
30.7106190565,-2.8405819074
30.5196858437,-0.9110892266
28.3790626509,-1.6897429802
26.5958306017,-4.8202434277
25.3938127578,-7.0030101997
24.446067757,-8.8829242285
22.523116444,-6.8246119656
20.2592207966,-7.3310595655
19.2114675258,-6.1754068662
17.2297805573,-3.5277597474
19.6869467304,-2.6775528117
19.5222962985,-0.0503186458
16.7551440835,0.5076427209
14.3739750182,1.2970591781
13.577101865,3.9437966359
11.4157176324,2.64239598
9.5056971311,0.2780062718
8.2398036475,-1.5618414472
8.6196874595,-3.7659485537
10.9736911985,-4.2732593738
12.9640475431,-4.0807871284
14.2356771009,-2.9014432671
11.5098146385,-0.8225220623
5.9144235291,-2.1880015975
5.3875247947,-0.0150569226
6.4267958063,1.9236371904
5.7141067206,3.432525826
4.4988209116,5.2381881041
2.0959912519,2.6964174334
2.6530545465,1.0784508439
1.448096548,-0.7241819413
1.5446180758,-2.3392700423
3.5405867282,-2.6559286469
4.2710178447,-5.048330851
2.7217056091,-5.6968329249
5.9502220782,-5.3363561082
5.8700412234,-7.3241158
5.6977135304,-9.0731093584
7.2618189298,-8.966007962
8.7129745303,-7.8416521397
10.1294772395,-9.6325850021
11.1802828438,-6.9821579964
14.931305727,-8.0575802165
15.6733934692,-7.1099096595
18.6434519811,-10.1206358384
19.7078799386,-12.2261321988
20.1353996266,-14.5072869695
22.7195272639,-15.969167759
24.626125489,-13.8153693947
25.4423082847,-11.9934291918
29.2317512204,-11.3131176169
21.5971621135,-10.4851202606
15.3981260847,-11.4232410598
15.7234968525,-14.6585312556
14.2870945152,-16.2523838052
16.3143693432,-17.1994443331
19.2845269624,-17.6278540682
19.5997076029,-23.4467532421
21.847230097,-24.1070659633
25.7970431354,-24.0531219012
30.6500999877,-25.4910208004
33.8118483141,-20.7003230707
37.4665154216,-18.4019670731
40.2006291847,-15.9065865503
38.2628839261,-14.3938886922
38.8457368098,-12.4217088313
39.5610100763,-9.7952597915
42.267139763,-8.3021990308
44.4067766453,-9.7144561399
46.4451070021,-11.1478728127
49.3038630777,-13.1703226274
49.1957742829,-15.3584634692
47.5867544756,-14.5929794501
47.2223368512,-17.8798166828
44.4307598919,-18.0351683388
43.8782907928,-20.1836633459
41.8706927766,-19.2284607563
38.596754006,-23.2598731721
42.3100490711,-14.022120456
43.7623826091,-13.6143532443
45.7507013213,-7.3814911672
45.9429425501,-5.1737053741
48.0164338273,-3.2532334865
45.5887096942,-2.2509452762
47.477800803,0.3561640296
49.2288949568,0.1881856191
48.3607233574,1.9335455006
49.5925917611,2.4015582954
51.1148679682,1.1686004718
53.8104008044,0.5546865483
55.7407879067,1.3827002505
57.1258332578,0.9453316006
56.1501095795,-0.1351471687
57.3046794638,-2.1034646151
58.8851606799,-3.1143413486
56.4658127985,-4.3789458808
54.6020381451,-3.2073230048
52.6131784851,-5.4071524407
50.2846145386,-6.5727585688
50.0903304775,-9.5164713712
53.0208422483,-10.219494086
55.1161427966,-13.2657744089
53.1524466991,-14.8671603489
55.8145869928,-17.831200557
59.6979720729,-17.4280890081
60.9784299042,-22.6788601839
64.5111144744,-24.8653901741
62.6305616391,-27.0923609646
61.3802121816,-30.008353363
64.001233199,-30.7048396461
69.4508334704,-30.0999028364
69.6248030079,-34.5882921165
74.5854516549,-31.2798135432
76.9997361677,-29.2162907316
80.7716224073,-25.8075079667
82.8501147691,-25.6751227247
84.36095894,-27.4928196516
86.2768193371,-26.5390745043
88.8579534636,-27.8799251512
90.9365454639,-30.297822228
93.115623354,-31.6543288749
89.1954832163,-32.5569040469
90.2364941632,-35.634624717
87.5521327299,-38.5829487617
81.7793890378,-38.7436433044
80.1249439781,-42.2592010326
81.4699087008,-45.560314002
82.7621278316,-45.5403313603
79.113874968,-47.0927677829
75.7567982771,-42.6700537528
75.1628158665,-40.6952665522
77.9261373437,-36.3585598207
81.1780524722,-32.9347998555
82.5978825119,-31.6315434711
84.2363993703,-33.4991510131
85.1186552848,-31.6427460957
86.317552815,-21.8744790174
88.7173657848,-19.1138380407
85.6328151377,-17.1389944106
90.7893793923,-14.4484062489
94.3498811336,-13.0113850576
95.5413049293,-14.5199791733
95.5009899843,-15.5521746189
97.0910448133,-16.2058005666
97.8853460536,-17.2363701958
98.1662008932,-19.2860909437
96.7841783408,-20.2547578907
94.539274793,-20.7438006145
96.0391378982,-23.0006834186
97.4338826945,-24.823686764
94.7897025038,-27.6419586075
91.002200954,-23.0357365073
92.8282150565,-18.289520474
93.2683727448,-10.7948444628
91.9759213201,-9.1033038592
93.2649698997,-6.8073766606
91.1838880209,-4.7493883813
89.8554523479,-2.1162765288
88.4587001731,0.0544490229
86.8525572534,1.5157693841
85.8549202279,0.0806510224
85.9039703115,-1.7490846278
85.8684754791,-3.0937660817
84.5060254723,-4.0799363829
82.4630202931,-4.644439496
81.7106687667,-2.7541219811
83.8270069279,-1.925485119
82.9558674163,-0.6417970615
83.891738164,0.9546640576
84.3450462537,1.5591603922
83.3142367499,3.1930796758
83.1560149738,4.9747796167
80.7808009813,4.4520082573
78.4407660933,5.2377329678
77.8778232436,4.4490438709
76.7037504501,3.8239757052
75.6630411225,4.4261725181
75.0015490702,4.8665615657
74.9432236024,6.5702564846
73.3612373754,6.1313772231
72.3126457583,6.810406857
71.1649808253,5.8486342568
70.5333274755,5.1226155027
68.5550299083,5.4766296344
66.9222476895,5.0533939301
65.5014638396,3.8842418376
63.8185406043,4.6943438908
62.1979219047,3.6419016636
61.6424484643,5.2681215542
60.4137202201,7.236395473
58.0298372661,8.1297455056
57.9844220367,9.4468354649
58.0376699035,10.6936187706
57.7207838231,12.4350717814
55.4445522139,11.776107733
54.7880487125,10.5650099374
53.1685181989,12.6955080317
51.6500362731,11.993484206
51.0356341236,10.7942358418
50.3662777391,8.5922296615
51.0560407111,7.1573315219
49.5508021426,6.5013094835
47.6100409595,6.9645990772
47.5939667988,5.5214638544
46.7707828214,3.7985365803
45.1401238648,2.0069241685
42.8466281709,1.3233771002
42.6873801158,-0.4976016679
42.0692625624,-2.8858387199
42.7411819829,-4.5343822528
39.6867259653,-5.391818437
39.6454906076,-2.5456746034
37.8306285108,-2.843800626
35.967638816,-1.1601612302
35.8056443378,0.703665111
33.8124099769,-0.0876530162
33.3493557851,1.3949313999
32.4128338838,3.3180345882
30.8422519614,4.3574412756
29.4493311795,2.4921569604
26.4280878638,3.1882877526
24.8360451252,2.0431132655
23.4041628036,2.4969162066
22.1851542813,2.7538590357
20.6368161396,4.6043443505
19.4581080282,3.9328539718
17.8954715321,4.3899556357
16.2187136117,5.716003694
19.7336012199,7.4487802485
19.2317202531,10.2642873722
22.3487364155,10.5401804972
24.3722435572,9.4298204857
24.1732086877,11.9804576171
24.6759106536,13.3007551428
27.4803602373,12.8126967574
27.1906202495,15.9897513547
30.3889930126,15.3170788371
31.379634911,17.1683080264
31.1572572252,18.2738922872
32.8803457599,16.0800688269
34.2997952628,15.3608753296
33.1812484831,13.710601408
33.4618113132,11.8170847867
35.5491165397,11.0390531438
37.3369152619,9.6975281921
38.1728294398,11.8585604201
39.7010787778,13.4344001221
42.1826720249,15.4520125085
40.2985482277,16.889322181
37.9205558297,17.0625036133
36.6123407748,19.7882541507
35.9146873534,21.2394933007
37.118249133,22.1552510305
36.1869921449,23.8303882624
37.8330079905,26.4179144618
36.8024721175,27.9644786502
38.8173633956,28.2384280024
38.2045846506,29.8350754814
39.193346214,31.68326456
39.9964176738,33.7650079837
41.7213374303,33.4803969935
43.7091743352,33.0574097561
44.272839851,32.2333637287
42.5651728704,30.9364348202
41.5619439529,29.1496945821
40.5717019764,27.2871969626
40.7051075394,25.4396127537
42.5017466429,24.686655092
43.5193727527,24.0426265712
45.9339895874,24.8737545919
46.6321692219,26.3346863692
47.6269436478,24.3758878317
50.2339931309,25.0194216784
51.1950618491,24.0081389885
52.1759091665,25.4307554522
53.6073843944,25.3036332686
53.6230585307,24.1465193081
55.556092088,24.0005844297
56.9396117557,24.6495285663
57.6826878979,26.2965655124
59.8332158828,25.5366440014
61.7222089058,25.8714570165
61.3036379015,27.8666747841
58.4384282371,28.7749233228
57.0460822205,30.9069415995
55.6517997394,29.6356249197
54.3977355279,29.2754521102
51.7954500281,29.1241139731
50.5683138985,29.3966321548
48.9607045981,29.5809989697
48.8952506959,27.9260934217
45.5327695854,30.1279065862
46.6837381126,32.8430764792
48.0183339878,31.9601436625
50.1961478796,32.2103051276
52.3042771153,32.7590235371
54.3079916257,32.9917890012
54.7383638373,34.7079253513
58.6805775058,35.8966503059
57.929250341,38.0015304885
61.3662923497,40.5506999378
61.0468669229,44.9706014945
58.2667494362,44.6223504155
55.9533058537,44.9160590082
54.1751824376,45.4326529425
53.6922169737,42.3746565142
52.8104240235,39.4602278011
51.1376134033,38.5414437872
50.0204558263,36.7956982141
47.4838276978,39.5021783471
46.2902078391,38.742527804
45.1164367411,41.5381162792
46.4232766256,42.3193263438
47.8612277837,41.5732926497
50.7070798196,43.7855647865
46.8292395623,46.381413291
44.4105252811,44.8010342943
43.9546562873,42.794981302
41.3450962376,42.9875035796
41.1645285683,41.5295233315
40.0103588147,41.8156184308
37.8850645439,40.6974781107
38.7162541292,38.5193010187
40.5179477088,39.2064385436
42.7852422344,39.8626259281
42.5272663997,37.1123115097
43.7993111432,36.0415346828
46.1035705518,35.66565904
41.3566225899,35.8092917637
39.3630172528,36.4715071255
36.8551094484,36.4652892475
36.6624573171,38.1515187587
34.7484315068,38.9339094311
33.9182709208,40.4169063088
33.018041873,41.7601114662
32.301055221,43.1524682118
31.2198134469,45.1743238169
29.3092176192,43.7056330362
28.5685339929,45.5538432378
26.6679291992,45.1018822916
26.597760427,43.9369623441
24.7416592352,43.2724883001
24.2071529452,42.1107086843
24.6273166214,40.4443555352
22.310638582,39.212851665
20.737366445,38.2754154982
20.1045144216,38.5538635504
18.2628805839,38.1646012993
19.097328381,36.6328052242
17.6032688667,35.6470300877
15.7204570944,36.9745292765
14.7100784183,35.0498143542
12.321388032,35.8718256645
12.6450290782,37.1357014693
11.7461303902,40.8303273987
9.9522907408,40.3852229187
8.4639213448,39.5113315496
8.8757147052,37.857996815
8.8881123058,35.4767950165
6.9078107734,34.2133720455
5.1612259843,34.5103116707
3.7730582972,33.5424454808
1.3760627448,34.0714340119
-0.8114049845,34.5720719257
-2.3152212371,31.8814383828
-4.5031344808,31.2990110405
-7.6198751563,31.4621041135
-5.9803127657,35.6032661345
-8.2347590172,37.9691319255
-9.5422724545,38.1092925941
-8.661181122,39.4900806559
-8.1303162271,41.248880567
-6.8536809786,40.0975882443
-5.0009054541,41.529539867
-4.5680284678,38.8585024681
-1.6125837689,39.7393954921
-1.400112923,42.0583187354
-0.0610407278,43.7698958799
1.7290382516,42.7606177136
2.7418391558,44.8164577344
2.1543167197,47.5130296493
3.10883233,48.6477691988
3.7143282848,50.4644943736
6.4938985097,49.6368784867
8.2042947827,50.3528604478
8.5402994325,52.1377926404
11.4713839697,50.4635699699
12.1137148464,48.8792426651
11.6633956475,47.6697142758
12.2333336243,46.238192799
13.6318819401,47.4741165185
14.1266486115,46.3781092637
15.5189314825,46.2028386271
16.6188994292,45.2201831005
17.9542530514,45.6319952748
18.8014001263,44.8737003316
19.9094787721,44.2083981221
20.1448925122,46.3753448925
18.9129432861,47.377724338
16.5103381441,48.1619354435
16.3044695195,48.668399343
15.9242419149,51.0362506539
17.4087103171,52.0198246253
19.0898000246,50.6475890899
21.3422098955,50.0292362227
21.021998657,48.8519203698
24.2897543806,49.8320539813
27.325885099,49.087160424
29.6863089933,51.8789371996
32.9009522676,53.1792895275
33.0938970968,50.4899814373
36.3254984675,51.8462176796
38.2311478914,51.6638361529
36.535317199,53.9993275891
36.7851070829,54.8289899686
34.3911178045,55.6453608627
33.985442531,57.7648158936
34.3802006353,59.7979144985
37.0451686479,59.197926113
38.3220915596,60.0310471223
39.3517574268,58.1540358599
37.1130992601,57.4766761934
41.6655798827,58.8121130548
43.6092499622,58.4772007892
45.9736309796,57.8968631636
44.484714322,56.1977414667
42.5473447681,55.2320183405
43.3769093071,51.8567244745
44.4016077219,51.7742978254
47.1252309626,52.6412637522
47.5514636307,50.5215869843
50.4280815966,52.3491558752
50.9318570375,49.0723220106
54.3180808862,49.3664185383
57.5143277481,47.8917513434
58.4313348836,50.6657573522
62.2954304528,50.8067325541
62.9851205148,53.1616909682
62.6894027454,54.1912058823
62.3850831447,56.159035943
63.7788885258,57.1819811618
63.8193157296,61.3663913343
63.8938906601,63.0465861978
66.2758822783,60.982221039
69.2156949379,61.61646409
71.7081351924,60.6385183833
75.1033467621,61.0047354428
76.8014015822,63.8076468824
78.6657046832,65.0036655917
80.8703554468,67.7308472092
82.1849411891,66.3729472978
84.5767624693,64.1678246868
84.7572185058,61.140874132
81.2750905527,61.9658782245
82.7248008211,57.4550257855
84.928069398,55.2779322438
85.9279586159,53.5765832109
86.1325502966,51.0489267837
84.1623660895,49.8807339023
85.6609159562,48.8074140039
87.9436216733,49.3914706839
85.3414694809,46.4410836641
82.8715230854,46.5903337009
83.5744807355,44.3815983855
85.4749452056,43.2951012697
85.9322754505,41.1344095229
87.728295244,44.5429272719
92.3032135962,44.8810594189
92.7903045714,41.2918419651
92.0913908075,39.5433235203
90.8566729758,37.6436679705
89.5477256447,34.2201556096
90.3037158074,31.8597753091
90.8785440586,29.0064084013
88.9303064487,28.5012011409
89.9403059757,27.1187443373
88.9345161541,26.0982617919
87.2607653663,25.9087517294
87.5531715009,24.9103818655
88.3650342287,22.7588219662
89.6968657307,22.5492197858
92.1765154971,22.3812885425
93.0966588631,23.2173947673
94.4461149982,23.9753434964
95.0272507912,22.7021986789
94.8989179232,21.8623912038
96.4402664612,21.6980230785
97.1985817368,22.2291079239
97.0928760351,23.8329655254
97.401636875,25.6925426108
95.6340026415,26.3567428279
93.4221252171,25.4643600404
93.2733121325,27.0076702869
92.1821494861,26.5722167954
91.3307576249,24.8869811371
93.3385204685,21.513874589
94.382660706,19.779398286
94.1772832137,18.5165081719
92.5059600227,18.1640464927
91.7691703738,19.554886006
90.4170059949,19.5613399977
91.2811532634,16.4891641582
90.7451174471,15.2421043232
88.8886163333,15.2904440074
89.6567893357,12.7477289493
88.3142090526,11.918694511
88.2480675652,9.7913712488
87.1670713573,9.9572478168
86.1000654035,10.2831849332
84.4704112794,8.6586750208
84.7978491788,6.8943866707
87.3797526884,6.6002210928
88.6594399733,5.7983640207
87.4337982891,3.8849802391
85.7931708664,4.381895069
90.213122948,2.0596970735
92.4397483735,3.5985280792
92.5114115911,5.2329817864
94.2090735053,7.317877243
93.2037186866,10.1555806998
95.6409971577,10.1433701876
96.7920715384,11.567525525
97.6118485123,12.9188648878
98.204596076,14.7931541905
99.9629198446,14.0903832818
99.7243164104,12.4187150975
99.6471772123,9.483261087
104.3554886492,11.0966131403
104.6278226123,11.7298806603
103.3163930524,13.1239623112
105.7238244564,15.8003819897
107.3601581793,13.1152059191
110.0875910038,13.6847452197
112.7762877223,12.1066312284
110.9910920012,10.6185275678
115.4207264052,11.1186789301
114.8084317762,13.9473020121
116.5838609809,14.5432946779
117.336640494,14.0452351448
117.8711958972,15.2488628208
120.6181058247,15.3719213384
121.3798379779,16.9705086186
123.4245900994,18.903522999
118.9413801785,19.0201842569
116.163150043,18.4282150618
113.7071307561,20.3893439026
110.8629275214,18.826806581
107.4857755878,20.8033904701
106.1768729476,21.469753674
106.0671502287,20.3584902523
102.9823240003,21.9872738653
101.1611493307,22.9895128929
104.02000234,23.7942290169
104.0134983452,25.7442239754
105.4557854998,26.0682325364
106.095618618,28.0742170632
106.3541366243,29.7524876126
104.6452067321,29.2959381116
102.8472345552,29.650651375
101.8757889132,30.9144861359
100.9877094697,30.1111580414
100.9564664397,28.1913800755
99.696361301,26.9164370103
97.9667056259,28.4176527238
97.2044753243,30.2351799582
96.1973664617,31.0440891806
94.6158222537,29.0942789787
93.783507374,30.3302768926
93.4470604475,33.3947147663
95.8094420843,35.6268560049
100.9807845044,34.5982935962
103.0113909196,35.5143906829
106.8024951519,33.6327567262
110.980813304,36.4436562708
113.1748135129,31.8278023693
112.5760671191,26.3726963887
111.4590849465,25.968491265
110.1207284012,24.7234827511
113.6483001237,23.8768451681
115.3226753511,25.1830655779
117.8545605448,23.9406010649
118.8612765016,22.22384116
112.9839384556,15.4278268558
106.4938616182,10.3611311002
99.641705293,17.8505745756
98.3633861623,16.7753045972
97.6353106036,18.2335308715
96.3699924463,19.281275882
96.4802446298,16.7774312353
95.5737477253,15.7968369258
96.2117355894,14.7167648732
94.2733346577,14.3607097922
93.2571889609,15.0919636915
93.6180940179,16.7292493789
94.6555759047,16.7207870482
94.2861040973,12.5296302517
92.267648602,12.4948222929
89.9238740924,8.7544449219
85.1421469481,13.1880331588
85.5807912308,13.8316017818
83.6122909058,15.1763248463
82.6064800357,15.0754990352
82.2633539677,13.155945185
81.0167760155,13.1857609599
79.4691129195,11.2707529155
80.264978767,10.4934267492
81.2829135885,9.2665448372
82.1379187802,8.6154875754
83.362423844,10.5079763478
78.0981802709,7.278007595
76.4785031485,8.7400124343
74.2314185549,8.2883473678
71.707840513,9.5109905304
70.5172305936,8.6380409407
68.8376283154,9.7999446996
66.9822989029,9.2342218613
66.6574499724,10.6081257176
66.1438799504,12.1941893228
65.1874208595,12.0291048309
63.9336443111,11.517521316
63.3911957104,12.0939596828
63.30128342,13.1747546362
61.999418004,15.1545311252
60.4413429034,15.199902292
60.5446210083,16.5111959702
61.229343618,18.5859546206
59.8389340659,18.7983296544
58.6096229219,20.1448894206
58.2822481681,20.4965526874
57.4874487793,19.7495981905
56.7758051038,20.2783473858
55.998504057,19.3540776193
57.2675197388,18.011111147
57.5068116595,15.6804910177
55.9086237914,15.6752508484
55.2121737474,14.2235369705
54.1045365655,16.492897056
54.2007423654,17.6109841461
53.3745876878,18.7212684485
54.2940083877,20.364959849
54.8109040769,21.4193024371
52.2068715494,21.076167918
50.9581045504,19.309351612
49.8463774933,20.6232390534
48.8589209386,20.0734492045
46.901941174,18.6271105044
46.7795580229,17.6379946852
47.875863526,16.9112747645
47.7183854645,14.9735189383
45.8756430711,13.732977491
45.6975725342,12.6862299237
47.5215677064,11.9573200972
48.6295008157,10.4494949203
48.3625388981,9.0294421468
45.2990104792,7.7652218773
46.0117450868,6.602601607
44.690110143,5.4848661059
41.7274564776,4.234820834
40.8500658447,6.876619796
39.4353438132,6.0416467924
37.1467864548,6.5260417244
39.8280294593,8.8776907402
42.7027685582,8.3450226018
44.7153781112,9.9678838775
44.2399690683,10.5628363958
43.948173341,10.9579069904
42.9608360613,13.0112309472
44.8746312651,15.8737531906
44.7133995496,16.2490013772
44.0312869573,19.1381603697
42.3434687374,18.2970570514
41.072790222,20.5704995601
40.2189988287,20.3395684343
39.5152693993,23.268514428
45.397427558,21.8735783163
44.572297242,27.2103830651
36.042241426,30.0204763299
34.4519620794,30.3021722174
33.6359808564,29.3025236698
33.9792332156,27.450747426
32.3989378869,24.733226001
30.3264578394,23.3715376573
28.8652691078,23.1647811488
30.0590854194,21.0796319125
32.7393837758,20.8653136565
34.1480634492,18.4756614455
34.50624623,17.7432225965
36.432516194,13.8423850635
33.6994561971,8.3060872208
33.5204585157,6.328985141
34.169146236,4.4332837432
37.5142868373,2.4447752889
39.2517222667,0.3074905743
34.2644015084,-3.9524039864
23.9457387681,-3.8568901935
23.9555915491,-0.5747443154
22.5891551415,6.965780928
25.8798092096,7.1785041338
26.8154021943,8.2198503305
27.7499146879,7.6385987202
29.4665623733,7.2764984678
23.7088852023,16.0233394905
24.256406498,18.0342881563
22.6639521369,20.499795702
22.6363925992,22.8231779314
20.285981236,21.8878083771
18.3125621234,23.2824972989
18.5984923278,24.8833648526
20.0730757015,26.1505361647
19.9947674028,26.4320325915
20.2755477343,28.3416733359
18.8445946436,29.9109833493
16.9107443383,29.6025941878
15.2542041607,29.3421583889
14.0689561466,29.9334223891
11.5302988988,31.3006347066
13.0781932217,32.7966498741
9.6723514705,32.3894593789
9.5687177515,26.8809846074
8.5068285746,24.3418006239
6.6507517095,23.2434967214
7.3176781371,21.1171380822
9.1822199476,20.3780761154
9.3117770535,17.8102763158
10.4394729263,17.0636776299
12.3198913899,14.7805224401
10.2044615226,13.9615925849
8.9777018521,12.7689674486
8.6095490857,8.7792052528
13.1080121723,8.175605246
13.6544811795,12.1453939931
16.6778353043,15.0215398027
17.964707153,14.4409938564
15.5894440473,17.034039167
14.2572390126,17.9042497334
16.0527831724,19.2863684941
15.2498821965,19.9855035553
15.2166535888,22.4242067876
12.4521166438,20.4045409875
11.7525441684,23.781326001
6.7529978185,26.4406283799
5.6317084674,28.1079040481
4.1631847334,29.945448393
2.167886661,28.7859353415
-1.38834849,28.5234086591
-4.6078989972,28.0815888728
-6.0879902322,26.787759222
-8.9913202489,26.3934149385
-11.6184430104,27.3685417429
-12.212825343,30.4772826399
-12.1481712848,30.6013621131
-12.3798875003,30.6834835992
-11.8163412595,33.1924138802
-10.6673449143,35.5347528196
-14.0032340826,35.1480407213
-16.8003728113,37.9922863838
-16.2069376624,41.1825581445
-18.2051935881,41.3062505456
-18.922765932,42.9092347473
-17.8008233232,43.0283898158
-17.4844709813,46.0842847576
-17.2046097688,47.9783350906
-17.8295896432,49.6428550397
-17.7342468329,49.9134437366
-19.0532808306,51.2405284572
-19.3524996716,53.6839249674
-20.2663635605,54.2753978454
-19.7228976142,57.2215143878
-15.9655461406,59.2594057076
-13.7426042073,59.6381440429
-12.1613546787,59.7491402076
-11.008449687,58.8262206295
-9.6799929655,58.095312415
-9.9555322139,56.5081008051
-9.5501586359,54.7541533397
-12.6707079792,54.3148101264
-14.0958826814,51.6965018053
-16.9879923631,52.650591926
-16.1958450887,54.7536145473
-13.1353612248,57.8106525871
-11.4503635076,62.4054787362
-14.0045601397,64.4233170136
-10.9130998606,68.6526237308
-8.6109032076,67.5235715361
-7.9553257914,67.4585144357
-7.3945579561,69.5734045249
-4.6146158738,69.0859493051
-3.2124612437,71.5062208904
-5.9394592649,72.4582796337
-8.8090891199,75.3188934583
-11.3450717602,75.2984887324
-12.0971005425,74.8718113087
-12.6455269249,71.2976369451
-8.0865072267,64.6843281981
-3.7642343418,62.9478681929
-2.7852743758,61.9834800847
-1.5919702449,60.960683999
-3.0665809205,58.1051033646
-4.7660600242,59.4814007867
-6.49398972,57.6257318702
-6.0486169249,55.3247253083
-4.5359224482,56.0145774918
-0.0096472415,56.7309053193
1.3819480443,57.4365953929
2.6117292721,57.9660174133
2.4696447,60.6597821678
3.4746627422,61.5636875673
5.3445437029,62.281736403
5.6819375554,63.2573657325
7.5426624069,64.2347886353
5.8272074713,65.51961469
7.0626367205,66.9795723015
7.2787208968,69.2905094901
4.1156254647,68.5990847226
1.7594674052,68.4735038784
-0.0326182004,70.0509689993
0.0793459299,66.1692823649
2.1776244551,65.9793686118
2.632300699,63.7690306256
-2.410554469,64.7862180194
-7.5023965751,59.9250770402
-7.9954793643,51.9591178595
-10.2544563756,50.5141037941
-9.9860174969,48.838325218
-9.3752944913,47.5647592193
-8.2527274429,46.1505778936
-6.8396766921,44.6469295896
-6.9699249761,43.7715156636
-7.5625953618,43.3882299659
-10.6420579807,43.3559309934
-11.4635609339,43.335401041
-13.4210248146,43.6043006467
-14.320807239,43.6884873289
-14.4428115166,45.376484989
-14.0825870287,47.8693344625
-12.8493889233,47.5685579862
-12.7364133415,47.9745865984
-11.2714019164,46.7648754959
-5.7593540371,48.5061191487
-1.9458105376,48.1507649164
-1.4672156265,49.6682140395
-0.1442946675,51.8269973414
0.5987941497,52.7895725301
4.2845328762,54.5714555354
6.6650300489,57.6408537007
10.2860291658,59.0709106704
9.2108844483,60.9133593091
7.3599682103,61.484708471
10.0558424765,62.8155313231
10.9779924687,64.6216722153
10.0399017255,67.0487490823
10.959666218,70.0123988192
12.6002796084,69.3704891957
14.8343632286,68.2543251267
15.8672354881,66.2083417074
17.6331718071,65.7148778875
14.8548785261,62.8368740812
14.6647121025,60.9324693538
13.4609117729,59.4518598468
12.347072847,56.2265093454
11.2889002583,54.5784710732
12.6754088168,53.9186503822
13.7377419976,54.7440262319
15.8190554102,54.3984282776
17.9356812345,56.575020101
18.5303512303,60.3373563496
21.5640122549,62.2684726321
23.0590189529,60.6701174781
24.8253411617,59.5029439254
25.8262898221,60.6516764585
25.8631528087,57.5695960872
28.0361676364,58.4085257941
27.2110864337,55.2893226994
31.2869161504,56.6945779502
30.1607989172,60.8675168824
30.98764118,62.774141055
33.1751023132,64.8126449559
32.562997121,66.3876379002
34.3208157249,66.5769334257
33.1546080643,69.5409491273
33.5224731675,69.7015026978
33.0361671058,71.6440812168
32.7811089721,71.7151034051
33.9282817483,72.207431647
35.8911200196,70.993832652
37.9392890186,70.9393529639
38.2692106441,71.3203152346
41.8253873145,71.1807912276
42.5731151811,68.795954675
41.1932158601,67.3161450459
39.0257929243,67.1973784329
39.3413103413,64.6840099264
38.3585476081,63.3941812531
34.6442824689,63.1333142231
30.0962781663,65.8627112533
28.6755587356,67.0196238603
27.5254531979,67.7359256178
25.3783561229,65.9128329805
22.9837424049,65.6570074422
23.5715155001,67.8124302054
24.4080190367,72.085477264
24.1751732168,73.2759890765
24.2947358653,74.3780247355
26.70487638,74.6153280897
27.0191870148,72.7415184744
28.6277154341,73.0872206932
31.052407497,75.2757400526
33.681150995,75.5508643001
37.4499809318,74.9508404406
39.2119320631,76.7300547683
41.6456679764,75.9375580923
42.7943702789,75.3458915376
43.8543319923,76.965554421
41.7573374273,79.4349474812
42.5122288092,81.1528175405
42.7508208769,83.1746185351
39.7859183733,82.0963313273
37.9857711819,82.5199487456
37.6546076934,80.3546434649
34.892760328,85.7946226674
35.3144465142,90.4932387601
36.4491024331,90.8171762242
37.4021446465,94.0756958542
39.7017593469,93.0716584776
42.1267390729,93.2325513897
42.7495719976,91.9040110154
39.8619526683,89.6958740225
44.0854658653,86.5824167332
45.5305594901,86.6330946054
46.3507854993,85.9526347248
46.1064471838,82.346509177
45.7631457114,80.3767573398
48.3525495128,78.8621952645
48.0989568617,75.5937306855
49.8018668753,75.8093167788
51.7943835694,75.008882005
52.8550776722,77.4586919462
55.7162771089,78.1451214967
57.5084709935,76.8020919824
58.6581397762,79.5192264729
56.2268438207,80.9961541096
57.9614616032,84.1790980445
56.431247736,84.638123671
55.1277475511,84.992323196
53.5315816332,84.2397709358
51.9509916251,84.9011572064
50.4150455424,85.7384056907
53.7977472709,90.8541520703
56.7247834748,92.3802758359
59.70533205,93.1815988628
61.0703781273,96.3988893292
61.0311787542,98.6955620072
58.1557114411,97.0372243903
56.7255131571,102.1118774833
54.951185492,103.7500626129
57.7652963495,105.7056609906
56.7620814643,107.8140232836
54.0511715338,107.2857165305
51.3132142463,104.7048684665
51.7606217324,101.6697000485
53.9142719154,100.3366548287
50.2197152135,98.5288064148
51.5676067415,95.5437565056
49.9226152575,93.5361823897
46.6751082166,93.040188819
41.1989550917,95.4929464269
40.4117472049,97.5788102469
42.4865776712,97.7129874267
41.5987157292,99.5528963478
43.5987958606,102.2059049961
44.5028090388,103.6279245287
43.2089210145,103.9629477802
40.3969150097,104.8231260546
39.6777850748,102.9740366172
40.8598422762,107.0769394688
40.5386136922,108.063642358
41.9046420341,108.3559144384
42.8208914227,109.2008140632
43.5691455025,110.435025724
45.9781774614,110.6165478109
45.3441677689,108.2051601051
44.2997468845,107.4528258282
46.1124389978,104.8436558585
47.3638440788,104.1944940451
48.2138537534,107.662556755
49.5126320521,111.6012163726
50.6696555389,112.2534450319
50.2046514845,115.5608302294
45.9444928023,115.2732190256
45.7371507808,113.7589929945
38.7003616512,113.4934212291
36.7244241801,112.3847467523
36.3500200012,113.8111272084
37.4883804609,108.0302814052
38.4888029082,107.886516679
46.6682744616,99.6531292449
34.791116992,94.6039359539
22.4238445754,89.860059788
20.2067120355,90.6403852705
19.31775557,87.5911169654
17.9278020693,85.2908126633
19.8243444973,84.4614741396
22.2815845988,83.1492027872
24.1911069516,82.2074318057
24.625983548,80.3612962386
25.4291742828,78.8463466095
27.6524950896,78.3957562906
27.4192914448,80.8628779205
22.6749254356,78.4496330226
20.7106698969,80.2687912873
19.0803352037,80.4298039983
16.8214914998,83.2491371472
15.3428254748,81.7544504131
12.0412728332,82.9456864438
11.1453563216,84.5330443212
13.8162740512,85.089183273
12.6803131236,86.8539316224
10.0895341518,87.4977451591
7.4922161043,88.5208542891
5.918530013,86.9225622051
4.0232504967,85.8869317561
1.9159140888,86.2164876301
0.8336619855,86.5554764961
-1.3131825072,86.1524165339
-2.4109824557,87.9964373238
-2.9801205885,87.731209801
-2.1464515869,90.7652174034
-0.72996291,90.2431981708
1.6723686012,89.9706572811
4.8355341951,90.5237845048
5.0479910086,89.1462643155
7.6186686373,93.1299035913
7.2477865786,97.4266448355
5.6106251466,98.9854116905
1.1656674151,97.5049748003
-6.990138578,97.0023863006
-12.026279266,95.8995442029
-13.6622479481,91.5529531083
-13.0991226778,90.1041990624
-9.9674526962,87.5380225401
-8.9511666759,89.2500168968
-7.3174501862,87.1131385026
-7.9338913749,85.6632556698
-5.1441897923,85.2778147761
-6.2322583052,89.368317241
-6.7412818454,91.4741193468
-8.9338367222,78.5347159729
-5.5085327753,77.5970743639
-1.7388959783,76.7049033751
-2.4577873632,75.0066584959
4.2725843292,74.7755726979
5.9602552094,72.4841856608
8.0342928478,73.9532113911
9.1941438533,72.4829363883
12.7920316877,73.7717201985
13.5556932892,71.8378774516
14.7020802538,74.7072100058
16.3424761427,77.2928143418
18.8207296901,75.96498008
17.9329308937,74.3275129944
18.0166619334,72.3997056775
16.865609212,71.6611901994
20.1855512498,72.4451731515
13.0818769182,78.4025976374
8.3718480724,84.9846377205
12.4876910385,96.5485537967
10.7931232577,98.7081341589
21.5254794185,58.051763895
22.5776672093,44.4870692386
21.2521082554,42.4478027594
17.9300472455,41.5290107306
17.1411624928,42.1701634186
16.1323210498,41.0315932134
13.5382393312,41.4609115261
14.4689606041,43.3592093868
9.1123337124,43.2015576545
9.3983084901,46.4169094258
8.50546316,48.1841308747
6.8385260339,47.6568922989
5.6514873533,47.33670702
6.8228869839,45.8791550857
5.9164795347,44.4682679731
5.506203405,42.1845144598
5.5414780974,40.1011608953
3.6016118569,39.4016133681
2.608944675,36.7611460828
0.7437352341,37.8907104634
5.0997840286,36.6860883323
-2.2366094434,45.1602564036
-3.7375798907,44.8170967045
0.6663693277,47.5320291498
-11.6769368664,40.6298752164
-13.6230766397,39.6926939792
-13.9798070722,40.1768365668
-20.0778880352,40.9271604278
-21.4950432487,42.2992772785
-24.2390484795,41.0111367898
-23.400229605,39.2448564969
-24.455939516,36.9314108974
-21.2408963197,36.7016902823
-20.3112390196,38.6779271973
-17.5776808743,32.4423221224
-19.5330469185,29.8087358941
-21.7774653653,26.2926185283
-24.8173497377,28.1921205559
-24.4715224421,30.8276846446
-28.6482728286,31.2696303283
-30.5535714438,29.2286345542
-33.0425527237,28.5900748495
-34.8732483436,27.8312951726
-35.1502609889,26.8316360523
-35.8247259498,26.193301695
-37.6674683432,26.1812614869
-38.2859231744,25.659790911
-39.2216599755,22.957065062
-38.4094990753,21.4168899726
-37.4332824339,20.2689610539
-39.8522913945,20.6672232708
-40.9721010859,22.0496919411
-41.9581473893,25.0965112254
-43.1916331578,25.3487389989
-43.5693980848,24.8199854639
-45.3384495858,24.8624633423
-44.6240275048,27.3045293991
-46.7239197503,28.6739741275
-47.7627908399,27.6801581905
-48.8719850576,25.9437242633
-50.4761704642,24.8872244345
-52.1379937535,25.3375040705
-51.4959293064,27.4314278718
-54.5060091498,26.6544682289
-56.3610719476,25.4500734174
-54.2449512879,23.4627335813
-54.7498843977,22.5804089483
-53.1718412613,21.5475487651
-51.3419875825,21.1597790257
-51.3758686945,19.8307510213
-53.4163760297,19.0533985235
-55.4259981599,18.2795284655
-56.5624153479,17.9693445238
-57.3534187767,17.5668300844
-57.138478237,19.1820132325
-58.405262775,20.4511613378
-58.9141389755,21.7800418071
-59.0373430191,23.4613729552
-59.5547649215,24.9178576904
-62.170703899,25.5904278357
-64.158379432,25.1029251657
-64.8957093264,26.2623029377
-64.9364592743,28.4431704977
-65.2815007582,28.5909699886
-64.165093912,29.7209989161
-63.1726207917,31.0924036806
-62.9976303559,32.6439951293
-64.8789266343,32.0320944767
-64.8654345286,33.712500916
-66.4847365921,33.2932920382
-67.5735590374,33.1982216179
-69.1370646579,33.1655612901
-70.8641804773,32.8272089954
-70.2790665127,30.200932263
-69.0987563391,29.2904464568
-67.3083616319,30.4013554135
-67.6268889882,26.6999602307
-69.79079682,25.16429954
-70.3308879857,26.7779092705
-72.2004602347,26.4540554705
-73.5432369706,24.5651662052
-74.6297198278,25.7655973978
-74.2719860822,27.5177755439
-73.5215078748,30.156277349
-71.769688101,29.7657459541
-73.5135164507,32.2126794614
-73.7173293359,35.0750292211
-69.9868400508,36.489040729
-68.2067057402,36.4032369566
-67.607915245,36.1290548562
-68.0662908277,37.6339102465
-65.6840257689,36.9208629489
-63.8358484667,35.8343484535
-59.6143603171,32.68277623
-59.6310517989,30.817731874
-61.6247542266,30.8741343374
-60.9181201005,28.1558147876
-56.7352305603,28.7025075305
-54.4321919663,29.2193638105
-52.4670243247,31.0124315627
-53.9430312192,32.589908704
-53.1206582603,33.6624111529
-53.646162797,35.1497073361
-53.3798077225,37.2877557119
-52.2153611219,38.6303999633
-48.448208051,38.2383857718
-45.9575499051,37.877792706
-44.3038864281,37.4467007184
-46.3575490926,35.0297428133
-49.4284519772,35.5858675019
-49.3468117579,34.1087417626
-50.2756341331,33.4686938152
-50.6028054177,33.9074787619
-49.2772463767,30.3437768045
-47.3437287033,30.2063456234
-43.1894090302,33.0793052403
-41.717850391,33.4629967868
-41.9852508757,31.1022675598
-40.7215113579,30.8634194628
-40.4758048882,29.3908533218
-39.3540727647,28.8683783197
-37.9974320658,28.6858538554
-34.940028303,30.6248034335
-31.6535393905,32.0675891092
-30.8977709866,34.7808647328
-32.7857466642,34.7164798867
-34.65903047,35.2520210166
-31.9643770184,36.6522582009
-28.7198097551,34.9448973426
-27.4932489519,34.2855456238
-27.2882924301,39.4538425544
-27.8617665594,41.0214008421
-28.0463902043,43.333770102
-27.3457057951,45.0659035079
-27.4352813091,46.2630837544
-28.6163211649,47.2611572311
-26.8564117407,48.2768089909
-27.6886845234,49.166173164
-29.5949373384,49.180504965
-30.5078189626,50.2353913347
-28.9436117246,50.8445424437
-29.0593856382,52.9079351467
-28.6115221008,53.048002846
-28.2374617146,53.6814064207
-28.5905016387,55.7354439928
-31.4683053383,55.8953558603
-31.8291682983,54.0318686559
-33.347054745,52.4782820255
-32.5078148999,50.4133658038
-32.3537887968,48.4224285496
-33.2740654701,48.5111722476
-34.293291268,47.8836588165
-35.4358965139,47.8252711379
-35.1020107492,48.7629953255
-37.1397958083,49.3573816848
-40.0628748891,49.6195981751
-42.068448686,48.979492907
-42.0672068229,51.0052864365
-43.386254853,52.9066261879
-44.5784644604,53.4010262902
-46.0433787813,53.0193604401
-46.3468283762,54.7849633777
-46.1585001906,56.7469420412
-43.4996643155,55.2918074866
-43.5478584257,54.6573567378
-40.6386854049,54.1510998551
-40.3877729329,53.2626508965
-39.1752795618,53.896897236
-38.3478549564,52.3599146763
-44.4768141082,51.2558008314
-46.0200429812,50.7198656058
-48.0408067983,51.8200661202
-46.9922884672,48.4527365472
-46.7961723267,45.7705731951
-45.4669929391,45.4222543712
-42.9652422196,46.162197554
-41.0849843352,45.9564321164
-38.982348765,45.7390159526
-36.7710256185,45.6689614962
-37.2010863369,44.0607323366
-35.4334478687,44.35078194
-34.2389299394,44.7415214216
-32.5451549865,45.338965913
-32.4328189989,44.0538461846
-30.2419480042,45.403528078
-31.4290287873,41.0087885129
-36.4096925748,40.4150704747
-38.134563218,41.9717468559
-39.3901639721,39.8937666527
-41.1633480005,40.3101897963
-43.5882224839,41.4936576812
-44.9709914208,42.6532052419
-46.1732411756,40.634561085
-49.1994790863,41.0692259877
-57.4387635368,37.4118384821
-57.9783284894,35.0868833121
-56.4392531924,33.7619057095
-57.2851303396,32.4131576796
-56.0908158794,31.5701120796
-61.0265129975,22.1578623183
-60.6971877469,19.7415946439
-63.6039472032,21.4593071321
-66.7715329878,21.1943408419
-68.1120785799,23.1334959273
-69.2788405184,20.4616873847
-70.4366498168,20.1271899606
-71.3096023857,21.6525094292
-72.5539562102,19.7016320762
-72.5209310716,18.1849970997
-70.9298729295,17.853210175
-70.6177022283,16.0193736203
-69.4137545591,16.1626304508
-70.524529852,13.4146218131
-71.9576795102,11.8645139922
-73.5271979932,13.2242219483
-74.6628221444,14.8140408331
-76.3134406012,15.5976890766
-75.8663207783,17.6381940244
-75.9626949665,19.9205479026
-74.9705937035,22.3595028889
-72.7383834022,15.633816765
-67.9145872689,12.9355913247
-66.4196437164,12.7788218168
-66.205690319,10.9352472716
-64.967247592,9.7550420644
-63.3620715654,10.2050989675
-63.4822494366,7.8899890445
-65.9295007048,7.1515944837
-67.9987165333,7.8993866812
-70.2986891981,9.1211841474
-70.8486577061,4.7190902988
-70.8034484613,1.9145286374
-69.4193027463,0.8635996691
-66.292973682,1.2480279442
-64.8654741161,1.8631316609
-65.0502660939,4.1410992898
-61.8772766027,3.7216854588
-59.924313894,3.8173355615
-59.3428016119,5.077467001
-59.176536927,6.2374157363
-60.7795015191,6.2388474745
-60.7383025359,8.0596986436
-58.2656338643,7.5794358425
-58.1362485699,7.9353571711
-58.9809750643,11.2006985335
-59.2879116985,11.4149280241
-57.5848543453,11.2991380877
-58.3141717671,13.1538503155
-56.3207078893,13.1294101097
-55.0837841948,14.8664842187
-52.8985331568,15.5754318138
-52.5967955087,10.9824683062
-54.8464971358,6.1468158729
-53.0584458312,5.5527110453
-50.9163162085,3.7359542475
-49.3072685922,4.3696931679
-49.7389317801,5.4698362006
-47.2510941368,4.4848384458
-44.5258437569,3.6636771539
-45.7815561562,1.2136774753
-46.2830723885,1.2993421437
-46.6005473185,0.9125678777
-48.2746699636,0.4067092709
-50.2391640523,0.6323512621
-50.7643037478,1.6513067589
-52.1365905184,1.4375846694
-52.404868025,0.2552276304
-53.0512612674,-0.5340863353
-55.3814454448,-0.4219993199
-55.6792049214,1.4965399195
-57.1876756604,2.4264156079
-59.3313628741,2.0708380749
-57.4424040794,0.0631497016
-59.0469762282,-0.7582898649
-62.3010046565,0.2838286987
-64.9669066693,-3.2950024823
-66.5197154291,-6.57879454
-67.7371409611,-8.6720818631
-66.7037577588,-9.8188787878
-67.1670297284,-11.5239060816
-66.6118015179,-13.3035523217
-63.6645388958,-14.7028885412
-61.9783694772,-14.4529749409
-62.2815243927,-13.1434966266
-60.7467289628,-12.5305136108
-62.2008594218,-9.9257751591
-63.3654533621,-8.2413409659
-64.6902934283,-10.4036711784
-69.5508752644,-7.2112419693
-70.5038902268,-9.7642930736
-71.6492263832,-5.3837649051
-72.9045555941,-3.611580498
-73.8571546996,-3.9472217981
-75.6389184539,-1.4997008822
-78.1248711625,-0.512993432
-80.6215767465,0.1803296409
-78.8074173981,2.6367539043
-78.4460633059,4.3887676467
-81.7561261288,3.8267960981
-81.2332194397,6.4151313802
-79.4997502992,7.6729898841
-76.8428378493,8.2416898226
-75.1911822645,7.5959020975
-75.3033224746,3.1855780653
-70.7896872239,-2.794747349
-69.0942480023,-4.0542750734
-76.474772372,-8.3863141119
-79.3116744786,-9.6879597638
-81.5740504295,-10.3809681014
-80.1690381044,-7.4799465974
-83.4167783474,-6.415820224
-86.2564637879,-7.6237800194
-86.083703682,-10.8943614445
-84.7229164233,-13.5939089065
-87.0965909891,-16.8103340105
-90.0158080964,-15.0925146281
-90.3359547976,-10.5714031263
-94.1672083651,-9.615518473
-97.4151299396,-9.0375051198
-99.4776881559,-7.305732671
-100.9995256022,-7.0674311308
-104.4419596431,-8.7289768441
-106.8650825966,-7.3841841306
-109.658507583,-6.3371052878
-108.2658894678,-3.8510798001
-105.5343806989,-2.4838502053
-104.4883073368,-5.1960844505
-101.5863997341,-2.005500378
-102.451567771,-0.5834960748
-100.2817839773,1.3242602869
-99.1615462992,4.5438256788
-97.3593784493,6.6333484305
-97.4670556964,9.7408286385
-98.331329256,10.3865325256
-101.8450915013,9.6479607161
-100.9682194024,7.0279747515
-103.5527531094,3.2839643507
-106.6966382527,3.0383588456
-106.1778532039,5.7022842457
-106.0023287939,8.7771086164
-105.6601729368,8.7610177363
-107.102187235,11.1909853156
-110.0415508595,8.9124785892
-110.2918969071,6.9769002995
-113.0120627398,5.133494601
-111.4234708391,3.2778676647
-114.3242129512,0.3261133223
-119.7510528113,0.1523280376
-119.0932593318,-4.8678755141
-117.786898172,-6.4510337241
-114.4440750291,-7.0971577188
-113.8522042191,-9.2964637773
-112.432428642,-8.5162263204
-110.4752918598,-10.6482672386
-111.3718177543,-13.0452732083
-114.4926522489,-14.0312236646
-116.5642788348,-14.8573647397
-117.7975050048,-14.4233008009
-118.6339700457,-15.9261873337
-116.7178418703,-16.4682617384
-118.8988348608,-18.6002196107
-119.0401574949,-20.4588826443
-119.8536955813,-22.0381194914
-119.051251824,-25.0053586578
-116.6199273712,-22.9649776191
-113.7934034148,-22.6033907698
-112.2704440863,-22.7592583088
-112.6745832589,-24.1196756923
-113.079607623,-26.935854438
-115.3729450921,-27.9929660325
-115.7969971216,-31.0692577239
-113.8934628746,-33.1760076352
-112.0280184389,-34.2792979208
-110.4307954801,-34.7609890299
-111.899041254,-31.9580283319
-110.4039503618,-31.5951295187
-110.1940928532,-28.9831347032
-109.4681710533,-26.0649622765
-107.229279858,-25.6594716843
-106.0484979826,-29.4787875441
-107.5828934905,-31.1231353621
-105.523358287,-34.3208260674
-106.0536829364,-37.2920658602
-108.4249522562,-37.5570164033
-103.4198597272,-36.5899285002
-99.5124663742,-36.7670570482
-100.4445134006,-39.6650508406
-100.4273976858,-42.8205395118
-96.7614847434,-43.7827897452
-94.4919025602,-44.0748143835
-93.1617759889,-44.1880424709
-90.3779666368,-46.6148684111
-87.8623061689,-47.9193594375
-88.3282434411,-50.8558940104
-85.7333998204,-52.4875686241
-84.9806338842,-50.5996346203
-83.8402387732,-47.1098128081
-84.5248359535,-43.4159150377
-87.3177221252,-43.7712301349
-89.7155273092,-41.6320390175
-92.139681735,-39.1621096291
-94.4088203752,-39.5571848159
-97.1667447577,-39.967542363
-97.1470833713,-34.7520338188
-94.5045491316,-35.3458466259
-92.4990513948,-35.6437381049
-90.5401226469,-36.2075686753
-90.7517589828,-33.7022003308
-93.215130838,-31.3909668232
-92.7590886946,-26.8351570419
-97.0672645738,-27.2539381787
-97.4094618372,-23.3497906422
-97.3841245007,-20.3136935886
-97.6595935873,-19.0982235831
-95.1128094251,-20.6693189074
-91.7420528551,-20.2584392605
-88.4311613649,-23.6152212252
-84.8553978483,-20.4614485485
-80.4279159655,-21.7886211734
-80.6918229978,-17.9180966282
-77.0118950053,-19.4156970789
-76.4359006885,-17.0749051085
-80.4827841904,-13.8205558974
-74.7739389928,-11.3380186627
-70.8823644072,-17.0749051085
-71.8025775686,-21.2062839592
-68.2496671652,-24.0800101324
-65.6888809624,-23.1648283508
-63.5758684685,-21.7042935093
-62.5855914111,-22.6230113722
-58.9335259606,-20.6910463467
-56.3111378258,-20.7634030037
-55.1169262355,-20.3022142944
-53.8771563464,-18.5830844479
-55.3752852426,-17.5051498089
-56.8534952163,-19.033970586
-59.5321237229,-16.7166785384
-61.101410672,-17.9559085273
-57.8340057572,-15.3011946564
-57.4763912866,-13.6322128601
-55.3490938591,-15.3571539193
-52.9984505136,-12.5991749702
-49.8074166702,-12.2801256925
-46.8100573382,-11.053200613
-46.2235682032,-12.3904646383
-44.7987302774,-13.7220020928
-46.123117617,-14.7003812106
-45.5713169446,-17.1816671662
-42.5029464089,-16.4425445255
-40.6271718607,-14.6250727079
-39.2113777853,-13.678862066
-40.1111110964,-12.5223375784
-41.8463516472,-13.0132900069
-42.5987943839,-10.9779228897
-44.1847166854,-9.3863336849
-46.4644475441,-7.9078474615
-45.7741681233,-6.5191583407
-44.3352617828,-6.2397730028
-44.6821495035,-5.5393760399
-45.3065961486,-4.8535608165
-46.5668900245,-4.4692254183
-44.3676985452,-3.6430942484
-43.4272643994,-3.4599969214
-44.8059779868,-2.1707150092
-44.2760392271,-0.5568129788
-41.9816585938,-0.2598297237
-41.9657178428,-1.8968386671
-39.4570281256,-2.4983918244
-39.9304866716,-3.9937393522
-38.1573166755,-4.9171152613
-36.6538344373,-4.6143099046
-36.0335694329,-5.8126996422
-34.9496053827,-5.4754579976
-32.5762167599,-4.6408192645
-30.9214225146,-5.0608997815
-32.0723349124,-6.4668993477
-30.2626948355,-7.4610565859
-30.5481383133,-9.2996419816
-31.6261810922,-9.8469734543
-33.0067070825,-8.9421424016
-35.0503480745,-8.1372172357
-33.9362969974,-10.947177377
-31.5452166553,-12.3320980949
-29.8005323322,-13.2975586386
-28.0320912384,-12.6809816467
-27.6917014789,-14.198727791
-26.2512665947,-13.2980711094
-27.7952882956,-10.4743252607
-28.4020962752,-9.7423554119
-28.4651997586,-8.4611924308
-26.7084967266,-8.501918232
-26.317323888,-9.6533142866
-24.2478671271,-8.4194040181
-24.2707265124,-6.1926845701
-24.2593491066,-3.5016841868
-26.1326113443,-4.2260609187
-27.8469062995,-3.903696069
-29.1175567502,-4.7648483904
-30.5810187227,-2.9031610487
-29.9417539148,-0.3284064073
-27.5915596045,0.4881984068
-26.428116317,0.0220685913
-24.8401458436,-0.0031836187
-22.9751475898,1.2439841104
-21.4587505508,2.9802373928
-20.4194144151,4.8373196573
-20.9336439576,6.075327102
-22.9823111051,5.3242969545
-25.4338821367,6.5577933762
-26.9048584333,7.620235221
-28.0054438035,5.7779294578
-26.967737399,5.0234148356
-26.9681014325,3.0486315101
-28.5027012172,2.3418580525
-29.8731888465,3.3672017218
-29.6199218269,4.6908522952
-31.7656227958,5.518688784
-31.409140189,7.5273016035
-33.1098939772,8.6216889286
-34.321819038,9.355027122
-35.9540901956,9.0099742868
-36.9349376487,9.1299694639
-35.8379865217,6.6851087785
-33.6688289678,7.2645530454
-34.226213061,4.1898367027
-36.1099434334,2.757379701
-36.9567578191,3.5004975562
-37.6005519864,4.6690644638
-38.7560209723,6.845036557
-39.6905197982,8.6564784936
-41.3195912151,5.395829377
-41.389841086,4.5915656547
-42.4740748463,6.0410085904
-41.2455354816,1.3813060532
-39.6634299795,-0.6336397738
-37.7094320895,-1.0308501323
-37.2741064579,-1.4286578059
-37.617294431,-2.5046454002
-36.3647820347,-2.8619010911
-32.596036292,-0.9730004514
-32.3671967084,0.6047632002
-31.8998843322,2.743863443
-38.718075042,2.3808493309
-41.8452080106,-4.7352519673
-42.7879153973,-6.3267583958
-39.4367654104,-8.7465469064
-39.429994801,-10.3111503613
-38.4785101786,-11.0217530996
-37.5540448484,-13.8534855758
-38.8734507034,-15.323250625
-38.7863799641,-17.4166551407
-38.6845471914,-20.2833387756
-38.8561628467,-23.2835704679
-41.5929905299,-22.0673909706
-42.8188918126,-21.2284488079
-44.7310732918,-21.5082484444
-42.2957026139,-23.9817685705
-41.2048907763,-28.2618754061
-39.857904335,-30.7181864887
-37.1547613109,-33.4629252014
-37.0636422383,-34.298319728
-34.6787529396,-36.088215724
-34.4868605368,-31.8580268031
-31.6897779375,-29.1196388522
-33.1468341417,-26.0295312547
-36.8041559997,-28.1455438628
-35.1666998883,-20.3862959738
-32.7057341976,-17.8459749047
-33.5459422749,-14.9536723187
-34.3983584977,-13.7113730342
-29.5198726374,-15.9609026936
-29.7174168915,-18.2219154121
-30.389091239,-21.2070259473
-27.6987973263,-22.7377286543
-27.203010785,-20.1839868556
-26.033743408,-17.311215001
-23.5607654409,-16.932809967
-21.7731944528,-15.2058056251
-22.5809075971,-13.3814095596
-21.8942972938,-10.7251826003
-20.6511303148,-7.7330014978
-21.5282297593,-6.0021434977
-20.0066364768,-4.2057481439
-21.5849891702,-3.1259104551
-20.7384539523,-1.0930017482
-18.6364779026,-2.7314079364
-17.7759720292,-5.0678850057
-16.4339530403,-6.3320987246
-16.8291047843,-7.4773704297
-14.920241218,-5.6511177072
-13.9018643774,-2.9020269792
-13.1244407091,-1.1304964713
-11.806810478,-2.7788874076
-9.5867479917,-1.7966940497
-9.1943052254,-3.7212678583
-7.9646292402,-4.31484753
-6.1833669812,-2.7652511211
-5.4219952654,-4.1898672016
-5.0986833839,-6.1623790928
-7.1586109866,-6.9614727828
-6.0205873034,-9.0324514194
-8.9606665777,-9.5977840375
-8.3436430464,-12.5319059882
-11.3683444147,-13.6297506137
-12.6244713819,-10.714448343
-14.8525836607,-12.1732085401
-15.2783523674,-9.8185781918
-17.5981351318,-11.7691676353
-17.7871266441,-14.6966035014
-19.8544063503,-14.1241341343
-20.0967990188,-16.5854288383
-21.0716495226,-17.9909664596
-20.7306558172,-20.406516165
-17.7919689096,-20.5617038841
-15.7186745762,-19.5994712086
-14.5442043381,-21.5261297582
-13.5483305584,-23.9768844507
-10.570994268,-24.4947719837
-9.8901541103,-22.2478779089
-9.1433977741,-20.2690817805
-7.571512921,-19.2916342721
-7.0004318274,-22.1147300996
-7.907794548,-24.0187484848
-4.9706369974,-23.1991793456
-4.5958849385,-25.1120445335
-4.1122301243,-28.5876221355
-1.4984726888,-29.342000108
-1.0881737556,-30.984873471
-0.676464571,-33.181649763
2.4786113724,-31.961270811
2.521189809,-35.3779739281
-0.0383632457,-36.7137359873
-2.987929592,-36.2040102031
-4.5122954307,-33.4778058259
-4.2844627145,-31.4103245638
-6.1068977769,-31.7140991118
-9.7066314301,-32.9505009161
-12.4899153513,-30.701413515
-14.4491201463,-30.4938266252
-11.6544798402,-28.4086175527
-7.6736610602,-27.3978645073
-0.9622978032,-26.0285819635
1.05415232,-26.8297340709
3.344281151,-25.8131643859
3.8561883393,-24.5568878106
4.2643793561,-22.8722709338
4.4418565818,-20.988629412
4.875824712,-18.3794017267
6.4847942817,-15.5742762398
7.2940512405,-12.7804123628
8.9927725973,-13.9891061383
10.9358948436,-13.6838478849
10.7035730527,-16.39917001
11.6891571615,-18.0065664238
13.0588412636,-19.9927738069
11.2069944076,-24.0319329348
10.8401176019,-27.7612393568
9.8592492361,-31.2383042622
8.8186311188,-33.6738862463
11.1353628424,-34.9135656177
11.9924612995,-36.6608575278
9.6301219893,-38.6287266323
8.2670481082,-40.7157176222
6.2228220016,-40.5780328621
5.6133361118,-38.5121388424
7.5519658558,-36.5342871622
6.0852273292,-34.6657155534
6.590918186,-32.0820266562
7.1075963738,-28.8280738085
3.8022731434,-28.7408600371
5.076217083,-25.9257691775
7.3794591462,-24.4193039613
8.3930439386,-20.2051656333
1.4491700228,-23.3839196179
0.3883779031,-24.0734680795
0.5713762928,-20.8699288402
0.5806236122,-18.5496172352
-0.9963389783,-18.3606726197
-3.6921963458,-18.4443658801
-6.2605194606,-16.4588198166
-11.1481895229,-18.3396630919
-15.5005491024,-17.1235754454
-17.9792104948,-17.2054536871
-17.4810425629,-23.0300049957
-16.236568302,-26.9171836633
-18.7669507041,-29.3252148404
-18.2365826565,-34.6148157495
-14.18899991,-35.3743891839
-12.1849290288,-38.6847152333
-11.0378474628,-41.5669729522
-11.5425231104,-45.4829959019
-14.0703858993,-46.0234060996
-18.3741430967,-45.7496624858
-16.0246363716,-41.4482800463
-17.5428329622,-38.7445781429
-19.2659481294,-40.1551233413
-22.9889025766,-40.5976714893
-26.1099327533,-37.9353177043
-28.5595813528,-36.544459679
-27.1164662895,-33.6905626249
-26.0189409569,-31.3674782616
-25.2993189047,-28.7107462069
-21.9683895359,-24.7060202017
-23.879551589,-20.4424776219
-12.0158667503,-7.4545466421
-15.0694917639,-0.1801025517
-16.6372256799,0.667038903
-17.8542865813,1.3798285369
-18.9177508605,1.3152340005
-16.8205583485,2.7238166684
-14.4589833559,3.899143093
-13.1086295958,4.2202258772
-12.7811291895,3.8905987495
-11.428964172,5.1828720991
-10.6865615826,6.5326894998
-10.9310472378,7.3365525114
-12.4536365037,7.4624728872
-12.1456111428,10.5886970462
-11.6715529043,12.3273860991
-13.4396227387,12.0714268709
-15.0789330779,11.8487486522
-16.7714872163,12.3986668655
-17.8358340395,10.9702930048
-16.1661456174,9.2624296033
-16.3079004293,7.6842686273
-17.4501361016,5.3958404776
-20.3633692044,8.2702968109
-22.9401649382,9.5118224114
-24.3396505185,11.4851901785
-26.7104893205,10.4169186996
-30.0160623074,11.9759232478
-28.6645854369,14.4377581389
-25.6914178784,15.5986307705
-24.7755423095,15.4602941022
-23.4585199919,17.3281568753
-21.8207130718,17.0625479158
-22.1613273489,19.392946864
-19.7748453784,22.540556711
-18.3977384952,24.6625787306
-14.6766606495,25.9605304559
-12.6381038111,23.0462768688
-9.241780596,22.7539650886
-6.3517041958,22.2011586072
-3.874686391,21.9281635554
-2.6937459973,18.3829772719
0.218732364,16.9142541947
3.2349971997,14.3371174552
6.9359397608,16.8013004721
4.8773238191,20.4071697577
3.4944833093,24.1163073417
1.0777687671,21.9756997168
-0.0636201971,21.0983960982
0.4877124005,25.4188240572
-5.9657086993,18.3774630069
-9.1409472099,17.4370679072
-10.3138483021,17.0332306416
-9.6369937095,15.2303046299
-8.0168295867,12.2649065386
-6.3979746303,12.0562940789
-5.5036567525,10.7943855433
-5.5216163889,9.0392536987
-3.2670716845,8.6728636767
-3.7246441866,6.8511512469
-2.4095511559,6.6657874911
-1.2020743503,8.3216303442
-1.650671688,11.278702997
-0.3738428848,11.2695665007
-3.9768887732,12.4658505862
-7.4707103119,7.2593154711
-8.1146230009,4.5499985934
-7.1269119052,0.7731114243
-6.0315980148,0.2745783705
-4.1391927986,-1.9367792235
-2.3985989058,-2.7434487025
-1.7966110388,-3.4688147119
-0.2093346154,-4.0947271413
-1.8234058135,-1.7455609032
-2.0290148396,-0.8665720621
-2.7613492169,0.9351325392
-0.4230052273,2.2015514456
0.0,0.0
-2.3816969387,4.1558943269
-1.0146933484,4.9688625411
-10.983677491,1.1388211051
-2.8643326425,-7.5659957835
-0.6554159068,-7.1617578604
-1.6112506955,-9.743936301
-3.0293881736,-11.6217609521
0.8539527653,-11.8088112883
1.8286208108,-14.0497978255
-0.0328146533,-14.8477140212
3.4853738216,-11.5414689261
-2.6721902846,-22.1282221655
-7.9500917244,-37.2583093298
-4.879918522,-41.7922572712
-2.3032470994,-42.8545061367
-0.7058833953,-39.7387488305
3.3685430862,-41.7889301924
6.5701687947,-45.0199243303
6.2685038684,-47.1291343095
5.6543414085,-48.8618374941
5.9229923007,-49.5947845231
3.7187554916,-51.3765878136
5.5803033795,-54.3114001531
1.3060622147,-54.5840999134
-2.2659440736,-55.7468028471
-4.7759683763,-57.3544660363
-7.4413244529,-52.6707001087
-4.32791389,-51.1450147057
-6.5177560213,-46.7320208051
-5.1686060834,-45.2450737365
-10.7598900345,-51.068892118
9.6549592509,-49.8590497645
10.2680046107,-45.2095276013
11.9860695636,-42.45734647
12.0752030585,-39.7723200333
14.8784571841,-38.9962293952
17.1909773396,-37.341906393
17.753429057,-35.2359954757
15.2920774766,-31.7121648977
17.6587184804,-27.451307282
16.0154311492,-24.0505709594
17.2260582176,-40.6642317043
15.7329108061,-50.1394410995
17.2276003026,-54.5369953278
22.9091604582,-55.7292237461
28.6969300065,-56.1921975446
27.5292729035,-61.3888359176
32.0566318675,-61.5907718615
31.9504042169,-65.4180782666
31.8163146646,-70.2362168397
27.0514163476,-68.7240129433
20.4265989789,-61.8056541309
14.9779454063,-60.2092757034
8.7441544147,-59.9869392464
8.3095304006,-69.497789611
35.8566635812,-57.1533367164
38.4983288462,-63.3019180469
46.7661460462,-63.2252463236
46.8761421316,-59.7160383452
48.9104594524,-67.5649989724
67.0741125769,-42.848326805
72.4620207953,-25.3720381196
74.4035754102,-21.1567829928
71.5374456723,-20.2217260812
67.4832117441,-19.7167929233
64.7839626975,-19.6825710263
65.3806624223,-21.7113849252
64.7629588828,-13.8303718277
63.0951667296,-11.7802326333
61.4685342571,-11.4010624989
60.2100593014,-11.3697743517
57.5309525543,-11.8790112029
58.7066697434,-8.4224592522
61.1538776332,-5.6341199144
62.6356584479,-7.8317752203
62.4258541411,-3.1938912914
63.5819394961,0.6932711383
66.0906552899,0.3731699083
67.318653854,2.5745962605
68.796335507,2.167457211
68.7119921429,3.6072894393
70.8595227432,2.536900366
72.4942330653,1.744084665
73.5902963982,0.4450151021
74.0661617756,-1.0120391902
75.6456316269,-2.2495000754
77.713588605,-1.2775381992
76.9302556033,0.4746206768
76.9680568014,1.9182053845
75.3686124756,1.5503955711
79.1984990264,1.4433502491
79.6219392565,-0.3913275072
81.7140645957,1.3620427624
78.7072123781,-5.0695200834
74.9561684464,-6.8152209983
70.1332451038,-3.3758784005
71.9370609895,-1.7110185251
69.4929964863,0.3431304109
67.0950067479,-3.2141500645
67.3727756379,-6.3407823335
69.1192503823,-9.3203977635
66.8994939984,-10.832403909
71.2893466867,-16.073699962
80.5771705167,-13.2324084191
85.6575271434,-9.491968722
88.2238126461,-4.1562927365
95.9969178842,-8.8880223077
95.6323117431,-10.4924969496
101.0354545447,-27.649577657
100.7842730656,-31.8449173993
102.2416286649,-33.7400104734
97.5079642589,-33.0611757369
96.4288681131,-35.8896098483
56.8293074568,-22.3731890775
52.2536834731,-21.4552464733
51.5755946536,-18.5329673497
51.7583555076,-24.6837678618
51.5988334586,-2.0882070845
53.9459133494,3.757951424
55.4702763743,3.201602958
56.0041764174,5.1095439029
54.7622522862,7.3905639386
52.5480985524,9.0138567719
51.9439158045,4.4665192929
50.220374734,4.569838469
49.7618780939,13.369933308
51.5899809981,14.2430074539
51.7694831622,16.9050168478
51.0235163556,16.8564595884
57.8733314215,22.9521419231
59.3039226113,21.192326679
60.7839006612,22.8760605247
62.680758817,23.6783827907
63.4639744999,24.7875047484
64.6716126775,26.2562995011
66.4596569659,24.9329973087
67.8286601663,26.495281784
66.8241543048,28.8958056116
65.3775171214,28.9851919429
63.8631177139,30.0856815896
61.3523301602,31.4419469436
62.0338463777,32.7168088373
60.6866424349,34.6978585767
62.0263811668,35.9913900701
63.6838614434,35.3239815381
65.6039782214,33.9274166319
68.2254459453,32.8743254534
69.1425723558,33.4810704775
69.0234938234,31.9398006733
70.9024677476,32.0775836649
73.0035176621,30.7461067134
73.8532677383,29.267098572
74.2029328819,27.4889814137
74.4103310328,25.3823109433
72.7559378735,25.670980914
70.5972570926,27.3180592711
67.9573578754,30.0345515432
72.2846262772,35.2308189616
74.4690423903,35.1673226503
74.8867363726,37.6666804614
74.9306576319,40.7174175721
76.561630797,42.0699695649
75.4518823015,44.013562985
73.7570198413,42.8281213409
72.0560112113,40.82227903
71.9127900187,40.6340428833
70.4957330316,41.2871015665
68.5431804738,42.2875608292
69.9853483533,44.5536691328
66.6604458794,44.8039537347
64.3105041514,44.2893578418
63.5828144823,46.8573916217
66.4894195828,47.6885535509
68.6581966405,49.9777842186
70.5737599205,48.1195150437
73.2318170002,49.7693186179
73.8912673454,51.7638128687
72.0686683921,52.3864815594
68.9100001668,53.575780339
67.417722761,54.519113608
65.1008412525,52.9580713233
71.2285725736,56.3618932299
74.1589274285,57.0879442957
75.1664642779,54.113599836
77.4972378141,54.6218836272
79.2622971112,51.4733722939
82.1368382892,52.026491545
78.1342574458,45.2313421686
74.5497915553,47.4459390023
78.5152217489,38.8063996669
80.6362817962,39.8107647405
81.429762144,38.7050933004
82.1474256981,40.3900633725
86.3752748917,37.2907345273
85.8833037476,34.6463985107
87.1784910306,31.5990382625
83.0625945956,30.1659220475
83.3028635292,27.407085836
81.1519286062,27.6971245689
80.9145433207,25.4650787937
80.6507281018,23.7503818612
80.7881048201,22.3540370985
81.9011579344,22.6179153558
83.5042067206,21.9944330055
83.332661227,23.949372417
82.7213488627,25.0424236998
85.7182521432,22.3337782184
86.5045619595,19.2885273173
87.0860696099,17.3164062198
85.0400475607,16.9932915423
84.2493245699,17.6300654066
83.9077771414,18.6918830268
82.2153633265,17.593420022
81.4785385968,19.1111797701
80.7586368826,20.1187774382
81.9043222296,20.4198929866
78.8679669936,23.0578265085
77.7646733796,24.8429662493
78.6678095359,25.6041169712
77.6262793158,27.0735213014
76.8812456606,27.1218726823
77.2621187533,28.0276981616
77.2236841434,29.2843802157
77.1593247645,32.6250351295
76.6683889251,33.4553896984
79.2464826514,34.4682822668
79.872907858,33.6031573328
82.0755098982,33.4373269593
71.5060623188,37.4725052424
69.010892772,37.9008813822
68.4402180968,39.2208694343
66.1759298406,40.4493613235
58.6685377484,33.1629776043
62.7132156454,21.3659291654
64.311325044,21.9852821399
63.891049109,20.1084831487
65.4354216186,19.8594879633
67.2876849624,20.6862379733
67.9336852989,22.0285024107
67.882628589,23.0444736181
70.4599926331,21.438867704
72.3381316324,20.7054960993
73.4469189119,20.0159664584
74.0191932752,18.4380254814
73.9742266057,16.6831494466
74.6613908445,15.4121609629
73.3626055296,14.5001561565
72.8070998261,13.764186369
72.4603253468,12.1511199712
74.5879876153,11.8369745063
75.3814609469,13.2259066883
76.5068064009,11.0452516021
78.3283669601,14.4953802026
79.204238258,15.7763087426
76.4889642663,15.9452290154
77.4545373693,18.3854077543
76.1899488943,18.8904140824
77.9009345261,19.9175148479
77.1473200881,21.2740545869
75.4553412761,21.2753272524
75.3342491013,22.4981926289
73.2705743542,21.8519343855
71.6571907413,17.8956785777
72.5894229779,16.1102112276
69.5275569274,16.7017578299
68.918559901,17.4700375752
68.409143455,18.3959047676
66.7766267312,16.7430283278
65.7549943851,17.4420737285
66.164121617,14.9927206893
65.1913288693,14.8699855964
63.3506001183,16.5162469909
60.1877082821,12.650275713
61.7238011064,11.2055662237
60.508001806,9.9050986407
63.0920837286,9.5817332155
63.1532497609,8.1885470832
63.8766712565,7.0348493732
64.8782600976,8.3499872718
65.8093767622,7.3567701058
68.8118789509,7.1790256803
72.8853021194,4.5190562297
70.2579127433,13.0280346763
70.3087589679,13.8834455562
69.1968986035,13.816983916
68.4790596449,14.6489287994
59.7587259605,2.178575766
35.47953011,31.7804665959
35.5779966552,34.5258152745
33.8791578266,34.1836876389
33.4151732905,36.6328383263
30.8201670348,38.3020983581
29.9120513527,39.6580121835
28.0105235146,40.2448147226
27.2925582649,37.2073380836
27.8167718253,34.7288756596
26.3568039082,32.4792826564
24.3458699658,31.5026943422
23.2468349577,32.0851044173
21.2590752307,34.3985066361
21.1013937002,35.9601046192
22.6491830873,36.9592260441
23.8758776915,35.785139892
29.9594360329,36.7790869594
31.3609335518,32.5665866583
28.7145643112,29.7339976941
26.178080867,29.4182999587
22.6125446183,27.9670428131
24.102464589,25.4705523726
24.1058534018,25.3041972309
25.9824067455,22.952263617
18.4146356717,19.1207010481
21.7350034706,14.5001672376
34.9137283083,43.1963451259
36.963488049,42.9010538092
39.1330374926,44.1659455511
41.9600693259,46.2344150905
40.691948695,47.7782346145
42.0266884088,48.8189727058
38.7716268919,48.1659099299
35.9003533067,47.041857337
49.4303814255,55.8374315236
49.9036435186,58.9639542632
47.9359711024,60.7879671265
48.7049018517,64.0202287688
49.7228436895,65.9131950666
53.2222244184,63.8148256549
52.3215930367,60.9359289234
53.9935196189,57.5922900502
56.6731935356,55.8909145409
57.7781569994,56.7034482267
58.9801120747,58.4410833483
60.1808463355,59.5120621063
57.4679718758,62.2986235063
60.140833086,65.5302695881
61.9294246361,67.8536599557
59.229635344,69.4666847184
63.3944091188,70.7711310149
66.0515961927,68.8001876485
65.0937619313,66.0256928868
66.8290024821,64.7095374436
69.5431117887,68.7141018915
69.6339431981,70.0424941091
67.1986988072,73.2625997626
65.5718230886,74.4666354587
63.9006191726,75.4709351868
60.5028783512,74.3587337117
62.4598667245,80.5104726242
65.1258188377,81.1035636185
65.1178765269,83.1411755848
63.809661472,83.5585956791
60.6997416348,84.379472272
64.1021237359,87.0055734101
66.9687647002,85.1203945757
67.4952655338,80.7336739683
69.7302051274,79.0866434079
67.5329213483,77.4689393772
65.427724874,78.748331245
69.8715389688,74.2265866438
72.3506765544,76.2852832282
74.637037699,75.0159139833
74.2238340691,72.6800328295
74.7141454689,66.7667925656
80.2467858236,71.2813926966
82.4485038257,69.7603919378
85.4889556593,73.2265269975
84.3035245265,74.6062690676
86.0630340287,76.7584799677
88.5518188557,79.5782570745
84.130505636,80.7959294671
82.265802613,83.2609480422
80.8058346959,81.4559454342
81.5243472073,87.5167146858
82.2865775089,89.2678440446
82.4818867893,90.0317000695
82.6561124619,92.1612107418
80.189905688,95.8002651576
78.3271812264,94.3780012764
77.0399726013,96.4119578689
72.6923783387,95.8473629344
73.3312362085,92.5929565187
71.7164774252,90.4852337143
69.9107172934,92.6531828207
67.7033372376,89.6927720067
64.1665252118,91.1775867916
63.5107513427,95.3096791044
65.0042214983,101.4691131213
59.6732681275,103.4205708738
63.2318513462,109.0710216667
66.6946006222,111.2849541965
68.478982467,113.2888049441
72.2297317193,115.4322380843
74.0840437863,112.6776270711
75.9302942675,110.5377493909
77.5111438741,111.1050760204
77.8236653841,108.9006227946
73.3397889266,109.1055948349
71.5719301754,108.750308515
72.598894815,103.6128150268
72.3126839635,101.9862905401
70.8000386,102.9048420375
77.6068725741,101.565789435
84.0283290707,106.2557723185
83.013965999,109.4817714723
83.2435978939,114.9766351014
82.0365701236,118.5848452627
77.9388780037,114.6897094411
73.5898103443,119.0698864156
69.3007450186,121.68763568
67.8158977428,124.0288656113
67.2398556933,125.9484050553
63.8812054147,125.0401383209
61.9368337176,124.2383603185
62.5322684765,122.6870273666
58.8870425053,125.3114316387
57.8312063031,123.9563337511
62.1686902566,117.0221971069
59.7505372695,114.7935240925
58.2816728417,113.3068116704
55.7060347769,113.5655319486
55.4390692951,115.3010015123
71.7813489849,126.5267857806
74.9874816382,126.3290639854
75.3979489596,125.5380375399
77.6184282153,125.1006451228
79.525628214,123.838266589
78.8551484408,128.3241965237
80.4203379434,129.6747468369
81.8660139108,127.8159769658
85.0915954028,128.779004444
87.4597511227,128.8076373385
87.1774833619,131.5234019064
91.4513867321,130.9150620337
92.4813893757,129.1098073505
93.2311729818,125.7062281906
91.1188761378,122.7704307949
89.1625208128,123.3959903972
87.1096392253,122.0133855743
86.4839554518,123.8236599345
84.64447558,123.910203229
84.8795385113,126.0105176959
89.0154126588,118.0494058825
95.9118712601,121.5408237091
96.6434198258,124.1389745329
97.8587828128,125.7928056637
102.4517397525,127.7439851735
102.9495584602,124.7057055531
102.3127282652,122.9843495595
100.7189338146,120.2851172777
100.6428644387,118.0851585782
97.2399561244,111.6086236956
98.236758225,106.4606079572
93.7681770303,103.4312906287
93.664246421,99.3628912143
97.9515787513,100.3687893085
100.6188200049,94.2970055167
95.6742053277,93.12172792
93.8448287488,87.3827682528
92.3230974378,84.0217323184
97.2972151335,82.4208864372
98.9273323252,86.112237808
104.1984938474,90.5060271503
104.2657017935,81.4123612125
100.8221487739,78.7612468307
95.9261211128,77.2910297413
95.6938927164,75.0667367229
93.2482854341,75.6072783179
90.3533131527,70.3396662086
89.1989347642,67.6044447967
93.3750536949,65.1721499642
95.688560423,62.4008123749
94.3801699637,60.1455719239
92.8897518445,61.1547338093
91.9713625224,61.2295446815
96.770160022,58.0861587946
101.0607057607,61.9479798281
104.0992009302,60.2434421754
104.268676652,56.1131957441
103.495045065,54.0102479494
106.5573601507,52.3903208203
110.1329365467,54.2567692809
109.1404493941,57.4950514945
109.8257192655,61.659345995
113.3519017852,59.5639695193
118.6738814674,56.5441107036
116.5569539474,50.3464555109
117.5141427206,46.7451078214
118.3973248735,44.8126459456
123.4887109282,47.7446305464
125.520090219,48.7915950533
130.0560617804,46.4438480004
131.1804319859,43.0742679788
133.7374280721,48.554954558
136.7621785537,45.5977495158
130.9915775871,53.4391803419
127.6143344431,54.4136254358
128.8728469101,57.2130186712
134.1880629989,61.6109185171
139.50672403,56.9654718179
127.2349347473,67.0861892895
125.2078423398,71.8571558498
124.1850704306,74.1178173106
120.863833343,69.2648946727
120.4226702532,64.8689114974
124.4808683206,62.5356191312
115.4562352699,69.1216423713
112.4856777287,72.3637609981
111.3944097498,75.6431569227
106.1522040742,73.4721681807
103.6421882998,72.7130495381
102.1913133463,67.0751207065
97.7394516981,68.3719600585
109.9115551578,68.6769803986
110.7951793298,50.0374905077
107.9432863667,45.1269108642
104.8380603509,47.9713216844
102.2020340626,48.6213263867
100.1153322272,50.9232974953
96.699121244,51.3721136787
96.2991992344,50.8342426871
93.6730306729,51.5862805397
92.2142905866,49.072476119
96.4725478851,47.9119000293
96.8549715527,47.7866355977
91.7081156137,54.7026379344
100.9536038401,39.5302554691
106.0092424801,39.240820061
112.3385134454,43.5321238093
123.6721909365,40.8761367127
124.2402696267,43.3257696775
108.3005009153,28.087302847
102.3709414742,26.5201235481
101.9536895109,19.6799790995
98.7698121666,20.5335760623
54.1662017329,54.0182759943
44.6630023603,62.5977292023
43.4893575535,62.4213004152
44.251861486,64.7561802636
44.7643019037,66.1808685374
45.8953936054,67.9266201324
48.8831337606,70.0644761696
45.8464557806,72.4432006012
53.9633009505,70.3373530105
53.8236439751,68.7448516672
80.7099726886,74.453862637
87.8550635048,89.588645885
90.0560588408,96.6920618696
86.3501429506,97.8560383578
85.5157372506,102.6784470425
86.9396462135,103.1804241975
87.7757947528,102.8118620885
88.5549831509,108.6069879231
92.1458197288,109.476461289
105.3607864821,123.7741858314
106.3560730888,131.3002823843
104.0722026865,132.9021665562
101.4965225246,132.9205072069
100.1792636194,131.1615729216
98.8672949105,135.0503623744
95.9114152087,135.0658042704
94.4844724302,133.9406041552
91.5793266942,135.2562686534
91.9121389841,139.8046132498
89.4978027964,140.1694635494
90.4173497875,141.8115728962
87.1473138068,143.4539287469
85.5108469762,141.2348976547
85.9476389885,138.7218794599
82.8791987815,140.20360612
82.5631341028,141.2820883407
80.423677643,141.5476267856
79.8449904952,143.302272039
80.5444821546,143.8198135834
79.1295089717,144.6932270098
78.7079139957,146.6067903219
79.2368985555,139.422296139
76.7563016054,139.2588811037
79.277073177,136.1054618924
81.0671451401,137.2150031981
75.5707503486,134.7155458361
68.7423135698,134.6995614375
95.0119274637,141.2471307151
97.563408836,141.1436193098
96.3403210397,137.7596045375
101.9208257444,140.2248856143
103.8442471411,140.5843738622
102.8032220856,137.0459775655
105.011942231,135.8329259102
-20.6536003245,49.1887275703
-23.4275084958,48.5449034843
-25.5959207123,49.947705197
-25.5950998197,46.5843095975
-23.7934651992,45.3534844836
-21.9458886608,45.9464421201
-22.616887631,51.6408193427
-25.7863888314,53.6604661429
-39.5410819093,37.6993125729
-39.2797153357,35.0059791569
-42.1015018893,27.9089841068
-44.4302758154,21.8419644259
-47.1288442931,22.9300710199
-48.8723148178,20.1508445725
-44.8965006844,18.6891814198
-43.9930698487,16.7496851864
-42.6069261314,14.2828624304
-43.0671311217,12.1412865839
-40.0954790572,13.9510034903
-38.0458085966,13.1195231547
-36.5952423548,14.8969993108
-35.0453340827,12.8545080614
-32.700037063,16.780443971
-34.5069338152,17.6539085779
-37.3656956143,17.7937095318
-38.7195789562,16.9158934344
-41.6249913069,18.6023195766
-35.3335164795,21.9531156682
-33.3885063105,21.0558708559
-32.478494302,20.3388268348
-32.5464599951,23.1596812723
-30.8592662149,24.3328529713
-29.707673248,25.3041640566
-28.1157170355,26.2073098726
-28.9000272417,27.240726293
-32.3178589616,26.5737313832
-29.9800973145,21.9172199967
-29.1625444682,19.3142892049
-24.9051922562,23.8787476801
-18.7404225442,17.3752256815
-16.0650215945,16.6390927258
-15.2019090734,19.1883071564
-15.1654916363,20.1811626097
-13.2602112622,19.3710490456
-9.4654944449,19.5741926056
-13.4454982325,15.4433985292
-22.850661947,13.6789211869
-24.8900162684,3.2984897597
-47.1129737038,12.5068277394
-55.1584784003,3.4438970777
-56.1502148221,-2.7369558021
-55.5061988489,-4.8561857309
-53.3874343053,-5.8112534477
-52.4621550988,-5.5432583132
-52.8930114266,-7.2906100369
-48.9661701989,-6.3795277614
-49.8930911905,-4.5936563878
-48.9755929228,-3.6178076177
-50.475082957,-2.3652285826
-51.1522912427,-2.5548132481
-50.511959976,-0.9729893372
-48.4311026149,-9.1952186731
-49.2606531214,-16.2338797645
-50.5913884247,-18.5781440893
-51.9569643216,-17.088969345
-47.9920654264,-19.3024421067
-48.7031627954,-20.424438293
-49.9678131574,-22.9792978586
-47.2592728909,-25.2370231749
-45.4813568287,-27.5129782948
-45.1729801004,-29.2217776714
-47.2043032617,-31.8083174616
-43.4360907483,-34.3562860557
-42.414051464,-37.1130669906
-46.5782148315,-38.6403251008
-50.3105947921,-38.7797886507
-51.2020754121,-42.667521605
-47.1979395904,-42.9184679772
-45.3059367257,-45.1306902645
-41.7384803494,-42.789598313
-37.9713178602,-39.4251071555
-52.3073993135,-34.0003437032
-56.0208365439,-31.6353112174
-55.2491078482,-30.427559529
-52.2062471098,-27.7571169359
-49.8469037065,-26.8588539841
-54.738328836,-26.332732612
-57.3310441927,-25.4223779002
-59.7949661067,-27.1535250171
-60.8717642283,-31.4347747853
-57.980229873,-33.9261404042
-55.0840297609,-37.6875015572
-57.1267494377,-43.1264993084
-57.5464227815,-47.0076051775
-54.1370214585,-47.0688599873
-53.4035153798,-49.4130581457
-50.8472646141,-48.1266169145
-60.7495494654,-39.819877745
-65.688467008,-42.3718850931
-66.271598464,-45.6801273987
-69.8737581455,-44.1557986061
-70.734661193,-40.6033385379
-70.6939140122,-35.6208679512
-72.7734390388,-31.3404235063
-69.2524709689,-31.0442894106
-65.9070068458,-32.6290636494
-65.5322498767,-26.9208921217
-66.5231878526,-19.4653431121
-65.7912806658,-16.7712707435
-74.8575906101,-24.6755223502
-76.5087319904,-29.3535050881
-79.2413748755,-29.6174449768
-80.7013776791,-26.5243981517
-83.5658227748,-28.786561881
-84.9834040149,-32.2112385383
-88.4298037371,-30.2512240051
-86.2084439646,-36.6851479782
-88.5021521246,-37.704952063
-85.2859622647,-39.3351668414
-82.5587479271,-38.1158059607
-80.0212227941,-38.1329276821
-80.2886162626,-41.071877163
-77.2513348914,-41.0151458053
-76.8003533515,-38.6768111868
-77.31708163,-33.9574479367
-81.1171424075,-34.4722094777
-77.4808971411,-44.1291362091
-74.3438097545,-45.6206827899
-74.5980554831,-47.8486903459
-71.6641379374,-49.9265936206
-70.1130009059,-48.6305232264
-72.5760522665,-52.9664678128
-72.1489572507,-56.1837779357
-75.8787955386,-55.080411575
-77.2618872195,-52.0588429149
-80.8624471205,-52.5548101879
-80.251914648,-54.1567717071
-78.7544172076,-47.8009575736
-97.8855817171,-31.8116492918
-100.5461197924,-30.1884193418
-101.9014663007,-28.3138913805
-103.1545079796,-26.7023377766
-103.7319993179,-23.0659288981
-104.3290227784,-20.7972750363
-106.1540072314,-21.0726999401
-108.8903131484,-21.9346662832
-110.9533891522,-21.499689984
-108.5834090371,-19.3860056103
-108.5693952336,-16.7940018724
-111.6215253812,-16.312700749
-114.3024946326,-18.7621170823
-115.5231134558,-19.7031732951
-121.3304441016,-15.3492186116
-122.6000409863,-17.8497883658
-123.2252298227,-21.0804710937
-123.6316207731,-24.8066258676
-124.258386184,-27.6115551369
-120.4224386141,-29.2576496615
-102.8423217885,-30.7906222158
-101.7371047183,-32.5086416555
-100.3956432719,-24.055276527
-101.9178390104,-19.3968303728
-100.7651496963,-16.0133244988
-98.7797505217,-14.1896298589
-94.7433746994,-13.7896263684
-94.4555566851,-5.8475919899
-95.7167163357,-2.9601316837
-92.7782277517,-0.43686299
-95.1000642443,1.3890602296
-96.4510473258,3.4918803759
-91.8213052596,5.1915031221
-90.0032256227,2.1795476665
-87.4236826645,-0.0417205618
-86.582211495,-2.4924495447
-84.2413818682,-2.6112186096
-82.2703420786,-3.3299112359
-78.5589629859,-4.2809052526
-83.9671477343,0.4407373076
-86.7227720371,5.5052796226
-83.198751672,8.0145645979
-79.8291830516,11.4574934542
-78.3849103193,11.9804132712
-78.4052431962,13.7435171579
-64.7059989542,17.0349695249
-62.7618377424,14.8704177283
-61.0431132689,10.9850408617
-58.9954845155,-4.3137910009
-56.9187753384,-8.1774340897
-53.5255516654,-23.1737913991
-89.7010615957,-4.8369493659
-94.7035818617,8.3670145848
-94.931030959,8.6403816926
-103.234822128,13.354754424
-102.5559299602,15.5849595736
-107.8412392111,-0.0741904922
-107.3450412025,-11.3373393392
-103.7046687397,-12.8522629936
-105.2171973508,-16.5156443938
-117.7578074832,-10.3761747475
-121.0597740791,-7.6169193248
